{
  "properties": {
    "connectionReferences": {},
    "definition": {
      "$schema": "https://schema.management.azure.com/providers/Microsoft.Logic/schemas/2016-06-01/workflowdefinition.json#",
      "contentVersion": "undefined",
      "parameters": {
        "$authentication": {
          "defaultValue": {},
          "type": "SecureObject"
        },
        "$connections": {
          "defaultValue": {},
          "type": "Object"
        }
      },
      "triggers": {
        "Recurrence": {
          "recurrence": {
            "frequency": "Hour",
            "interval": "3",
            "startTime": "2025-09-29T07:00:00Z"
          },
          "evaluatedRecurrence": {
            "frequency": "Hour",
            "interval": "3",
            "startTime": "2025-09-29T07:00:00Z"
          },
          "type": "Recurrence"
        }
      },
      "actions": {
        "Compose_-_ParityEven": {
          "runAfter": {},
          "type": "Compose",
          "inputs": "@equals(\r\n  mod(\r\n    indexOf('0123456789abcdef', substring(toLower(guid()), 35, 1)\r\n  ),\r\n  2),\r\n  0\r\n)\r\n"
        },
        "Delay_-_random_seconds": {
          "runAfter": {
            "Compose_-_ParityEven": [
              "Succeeded"
            ]
          },
          "type": "Wait",
          "inputs": {
            "interval": {
              "count": "@rand(5,30)\r\n\n",
              "unit": "Second"
            }
          }
        },
        "Condition": {
          "actions": {
            "Terminate_-_Failed": {
              "type": "Terminate",
              "inputs": {
                "runStatus": "Failed",
                "runError": {
                  "code": "TEST_FAIL",
                  "message": "Intentional test failure for PPAC Monitor Alerts"
                }
              }
            }
          },
          "runAfter": {
            "Delay_-_random_seconds": [
              "Succeeded"
            ]
          },
          "else": {
            "actions": {
              "Terminate_-_Succeeded": {
                "type": "Terminate",
                "inputs": {
                  "runStatus": "Succeeded"
                }
              }
            }
          },
          "expression": {
            "and": [
              {
                "equals": [
                  "@outputs('Compose_-_ParityEven')",
                  "@true"
                ]
              }
            ]
          },
          "type": "If"
        }
      }
    },
    "templateName": null
  },
  "schemaVersion": "1.0.0.0"
}